{"name":"035f3585-65fe-402b-b89e-c7ba2dbcb9cd","id":"/providers/Microsoft.Flow/flows/035f3585-65fe-402b-b89e-c7ba2dbcb9cd","type":"Microsoft.Flow/flows","properties":{"apiId":"/providers/Microsoft.PowerApps/apis/shared_logicflows","displayName":"Change M365 Group email settings","definition":{"metadata":{"workflowEntityId":null,"processAdvisorMetadata":null,"flowclientsuspensionreason":"None","flowclientsuspensiontime":null,"creator":{"id":"154a3325-a9f0-40ae-bdee-b303f555a8b8","type":"User","tenantId":"21369aa3-c6e5-4c1d-a371-f68d8c96cc4b"},"provisioningMethod":"FromDefinition","failureAlertSubscription":true,"clientLastModifiedTime":"2022-06-13T23:09:42.7209318Z"},"$schema":"https://schema.management.azure.com/providers/Microsoft.Logic/schemas/2016-06-01/workflowdefinition.json#","contentVersion":"1.0.0.0","parameters":{"$connections":{"defaultValue":{},"type":"Object"},"$authentication":{"defaultValue":{},"type":"SecureObject"}},"triggers":{"manual":{"metadata":{"operationMetadataId":"cb3bbfaa-3cbb-435d-bfc7-98b5f61e9200"},"type":"Request","kind":"Button","inputs":{"schema":{"type":"object","properties":{"text":{"title":"Group name","type":"string","x-ms-dynamically-added":true,"description":"Please enter your input","x-ms-content-hint":"TEXT"}},"required":["text"]}}}},"actions":{"Send_an_HTTP_request_-_Hide_group_email_from_GAL":{"runAfter":{"Apply_to_each":["Succeeded"]},"metadata":{"operationMetadataId":"05ce2755-cac5-487b-9815-9678261abe0a"},"type":"OpenApiConnection","inputs":{"host":{"apiId":"/providers/Microsoft.PowerApps/apis/shared_office365groups","connectionName":"shared_office365groups","operationId":"HttpRequest"},"parameters":{"Uri":"https://graph.microsoft.com/v1.0/groups/@{variables('Id')}?$select=hideFromAddressLists","Method":"PATCH","Body":"{\n\"hideFromAddressLists\": true\n}","ContentType":"application/json"},"authentication":{"value":"@json(decodeBase64(triggerOutputs().headers['X-MS-APIM-Tokens']))['$ConnectionKey']","type":"Raw"}},"description":"hideFromAddressLists = true"},"Send_an_HTTP_request_-_Hide_group_from_Outlook_client":{"runAfter":{"Send_an_HTTP_request_-_Hide_group_email_from_GAL":["Succeeded"]},"metadata":{"operationMetadataId":"ea0908ff-2d6c-4233-8093-56dbbd64bf19"},"type":"OpenApiConnection","inputs":{"host":{"apiId":"/providers/Microsoft.PowerApps/apis/shared_office365groups","connectionName":"shared_office365groups","operationId":"HttpRequest"},"parameters":{"Uri":"https://graph.microsoft.com/v1.0/groups/@{variables('Id')}?$select=hideFromOutlookClients","Method":"PATCH","Body":"{\n    \"hideFromOutlookClients\": true\n}","ContentType":"application/json"},"authentication":{"value":"@json(decodeBase64(triggerOutputs().headers['X-MS-APIM-Tokens']))['$ConnectionKey']","type":"Raw"}},"description":"hideFromOutlookClients = true"},"List_my_owned_groups":{"runAfter":{},"metadata":{"operationMetadataId":"8904a7c5-d3db-4214-a51d-4eeeca7684ce"},"type":"OpenApiConnection","inputs":{"host":{"apiId":"/providers/Microsoft.PowerApps/apis/shared_office365groups","connectionName":"shared_office365groups","operationId":"ListOwnedGroups"},"parameters":{},"authentication":{"value":"@json(decodeBase64(triggerOutputs().headers['X-MS-APIM-Tokens']))['$ConnectionKey']","type":"Raw"}}},"Filter_array_to_just_group_entered":{"runAfter":{"List_my_owned_groups":["Succeeded"]},"metadata":{"operationMetadataId":"886e1cc9-30d0-4559-86bc-ceda28ae95f4"},"type":"Query","inputs":{"from":"@outputs('List_my_owned_groups')?['body/value']","where":"@equals(item()?['displayName'], triggerBody()['text'])"}},"Apply_to_each":{"foreach":"@body('Filter_array_to_just_group_entered')","actions":{"Set_variable_to_Group_id":{"runAfter":{},"metadata":{"operationMetadataId":"8b448dc0-7259-46df-9d52-5fcdffcfa9be"},"type":"SetVariable","inputs":{"name":"Id","value":"@items('Apply_to_each')?['id']"}}},"runAfter":{"Initialize_variable":["Succeeded"]},"metadata":{"operationMetadataId":"3b1a1a76-8612-4e34-a08f-0f1e16428d37"},"type":"Foreach"},"Initialize_variable":{"runAfter":{"Filter_array_to_just_group_entered":["Succeeded"]},"metadata":{"operationMetadataId":"f309f31f-01c2-469b-b4bd-46529c60e629"},"type":"InitializeVariable","inputs":{"variables":[{"name":"Id","type":"string"}]}}},"description":"Hide M365 Group email from GAL and hide M365 group from Outlook"},"connectionReferences":{"shared_office365groups":{"connectionName":"shared-office365grou-0f7c8b1d-ab8e-4659-b48f-7c7d3818c48e","source":"Invoker","id":"/providers/Microsoft.PowerApps/apis/shared_office365groups","tier":"NotSpecified"}},"flowFailureAlertSubscribed":false,"isManaged":false}}