{"name":"addf0d63-06a6-4f93-9946-82406d333d84","id":"/providers/Microsoft.Flow/flows/addf0d63-06a6-4f93-9946-82406d333d84","type":"Microsoft.Flow/flows","properties":{"apiId":"/providers/Microsoft.PowerApps/apis/shared_logicflows","displayName":"Message Center Sync Update Planner","definition":{"metadata":{"workflowEntityId":null,"processAdvisorMetadata":null,"flowclientsuspensionreason":"None","flowclientsuspensiontime":null,"flowclientsuspensionreasondetails":null,"creator":{"id":"5ebd85aa-dbc3-46b6-b0e2-a58f26439849","type":"User","tenantId":"095461a4-c1c2-4f23-8b8f-a77611b290e6"},"provisioningMethod":"FromDefinition","failureAlertSubscription":true,"clientLastModifiedTime":"2022-09-27T19:39:52.8658629Z"},"$schema":"https://schema.management.azure.com/providers/Microsoft.Logic/schemas/2016-06-01/workflowdefinition.json#","contentVersion":"1.0.0.0","parameters":{"$connections":{"defaultValue":{},"type":"Object"},"$authentication":{"defaultValue":{},"type":"SecureObject"}},"triggers":{"When_a_new_task_is_created":{"recurrence":{"frequency":"Minute","interval":1},"splitOn":"@triggerOutputs()?['body/value']","metadata":{"operationMetadataId":"e8a97500-d09e-480d-8f6e-c44f5eaa8c8a"},"type":"OpenApiConnection","inputs":{"host":{"apiId":"/providers/Microsoft.PowerApps/apis/shared_planner","connectionName":"shared_planner","operationId":"OnNewTask_V3"},"parameters":{"groupId":"5adc935d-5484-433a-87b9-ce3c330ed10f","id":"eW_NOesMMEqk7AK9bkexiJgAA9xy"},"authentication":"@parameters('$authentication')"}}},"actions":{"Update_task_details_Add_check_list":{"runAfter":{"Delay_3":["Succeeded"]},"metadata":{"operationMetadataId":"83efcf1e-57f8-4790-ade1-d304b9acd1a1"},"type":"OpenApiConnection","inputs":{"host":{"apiId":"/providers/Microsoft.PowerApps/apis/shared_planner","connectionName":"shared_planner","operationId":"UpdateTaskDetails_V2"},"parameters":{"id":"@triggerOutputs()?['body/id']","body/checklist":[{"id":"1","title":"IT Assessment","isChecked":false},{"id":"2","title":"Business Assessment","isChecked":false}]},"authentication":"@parameters('$authentication')"}},"Get_task_details":{"runAfter":{"Apply_to_each_Team_member":["Succeeded"]},"metadata":{"operationMetadataId":"a1e7068f-769f-4c4d-a045-6a9f4eb4749d"},"type":"OpenApiConnection","inputs":{"host":{"apiId":"/providers/Microsoft.PowerApps/apis/shared_planner","connectionName":"shared_planner","operationId":"GetTaskDetails_V2"},"parameters":{"id":"@triggerOutputs()?['body/id']"},"authentication":"@parameters('$authentication')"}},"Update_a_task_(V2)_Add_labels":{"runAfter":{"Delay":["Succeeded"]},"metadata":{"operationMetadataId":"f13bdc6e-5924-4e80-a61c-ccd84e0cd421"},"type":"OpenApiConnection","inputs":{"host":{"apiId":"/providers/Microsoft.PowerApps/apis/shared_planner","connectionName":"shared_planner","operationId":"UpdateTask_V3"},"parameters":{"id":"@outputs('Update_task_details_Add_check_list')?['body/id']","body/appliedCategories/category1":"@contains(outputs('Get_task_details')?['body/description'],'New feature')","body/appliedCategories/category2":"@contains(outputs('Get_task_details')?['body/description'],'User impact')","body/appliedCategories/category3":"@contains(outputs('Get_task_details')?['body/description'],'Admin impact')","body/appliedCategories/category4":"@contains(outputs('Get_task_details')?['body/description'],'Feature update')","body/appliedCategories/category5":"@contains(outputs('Get_task_details')?['body/description'],'Data privacy')","body/appliedCategories/category6":"@contains(outputs('Get_task_details')?['body/description'],'Major update')","body/appliedCategories/category7":"@contains(outputs('Get_task_details')?['body/description'],'Retirement')","body/appliedCategories/category8":"@contains(outputs('Get_task_details')?['body/description'],'Updated message')","body/appliedCategories/category12":"@contains(triggerOutputs()?['body/title'],'Microsoft Teams')","body/appliedCategories/category13":"@contains(triggerOutputs()?['body/title'],'Microsoft 365 suite')","body/appliedCategories/category14":"@contains(triggerOutputs()?['body/title'],'Office for the web')","body/appliedCategories/category15":"@contains(triggerOutputs()?['body/title'],'Microsoft 365 Apps')","body/appliedCategories/category16":"@contains(triggerOutputs()?['body/title'],'Microsoft Viva')","body/appliedCategories/category17":"@contains(triggerOutputs()?['body/title'],'Planner')","body/appliedCategories/category18":"@or(contains(triggerOutputs()?['body/title'],'OneDrive'),contains(triggerOutputs()?['body/title'],'SharePoint'))","body/appliedCategories/category19":"@contains(triggerOutputs()?['body/title'],'Exchange Online')","body/appliedCategories/category20":"@contains(triggerOutputs()?['body/title'],'Yammer')","body/appliedCategories/category21":"@contains(triggerOutputs()?['body/title'],'Privileged Access')","body/appliedCategories/category22":"@contains(triggerOutputs()?['body/title'],'Information Protection')","body/appliedCategories/category23":"@contains(triggerOutputs()?['body/title'],'Identity Services')","body/appliedCategories/category24":"@contains(triggerOutputs()?['body/title'],'Microsoft Defender')","body/appliedCategories/category25":"@contains(triggerOutputs()?['body/title'],'Mobility & Security')"},"authentication":"@parameters('$authentication')"}},"Condition":{"actions":{"Add_assignees_to_a_task_by_email_address":{"runAfter":{},"metadata":{"operationMetadataId":"ce219cb2-93de-4e07-bb7e-d38fc93dbd4f"},"type":"OpenApiConnection","inputs":{"host":{"apiId":"/providers/Microsoft.PowerApps/apis/shared_planner","connectionName":"shared_planner","operationId":"AssignUsers"},"parameters":{"id":"@outputs('Update_a_task_(V2)_Add_labels')?['body/id']","body/assignments":"@variables('varEmailAddresses')"},"authentication":"@parameters('$authentication')"}}},"runAfter":{"Delay_2":["Succeeded"]},"else":{"actions":{"Add_assignees_to_a_task_by_Team_membership":{"runAfter":{},"metadata":{"operationMetadataId":"94e8546b-74a7-4109-87c2-6c5e5b5613ba"},"type":"OpenApiConnection","inputs":{"host":{"apiId":"/providers/Microsoft.PowerApps/apis/shared_planner","connectionName":"shared_planner","operationId":"AssignUsers"},"parameters":{"id":"@outputs('Update_a_task_(V2)_Add_labels')?['body/id']","body/assignments":"@variables('varTeamMembers')"},"authentication":"@parameters('$authentication')"}}}},"expression":{"or":[{"equals":["@outputs('Update_a_task_(V2)_Add_labels')?['body/appliedCategories/category12']","@true"]},{"equals":["@outputs('Update_a_task_(V2)_Add_labels')?['body/appliedCategories/category18']","@true"]}]},"metadata":{"operationMetadataId":"ebae8807-7a0d-4a3b-9753-bb21a32abf5b"},"type":"If","description":"checking to see if the Brown label (Teams) or the Dark green label (OneDrive/SharePoint) = True"},"Initialize_variable_varTeamId":{"runAfter":{},"metadata":{"operationMetadataId":"0d506d3f-47b6-45c5-9cd5-d1705e2daeaa"},"type":"InitializeVariable","inputs":{"variables":[{"name":"varTeamId","type":"string","value":"5adc935d-5484-433a-87b9-ce3c330ed10f"}]},"description":"TeamId of the Team used for list of assignees and to post message to"},"Initialize_variable_varTeamMembers":{"runAfter":{"Initialize_variable_varEmailAddresses":["Succeeded"]},"metadata":{"operationMetadataId":"b4271b37-095c-406f-8d08-61de8a4d0116"},"type":"InitializeVariable","inputs":{"variables":[{"name":"varTeamMembers","type":"string"}]},"description":"Create a semi colon list of the Team members to assign task to"},"Initialize_variable_varChannelId":{"runAfter":{"Initialize_variable_varTeamId":["Succeeded"]},"metadata":{"operationMetadataId":"3c11b6ac-7029-4f40-a207-e884440ed51b"},"type":"InitializeVariable","inputs":{"variables":[{"name":"varChannelId","type":"string","value":"19%3afxizYiZ0VMOgdoA3e0Xr70CRKc7jFG47smkDlRi8y0I1%40thread.tacv2"}]},"description":"Channel Id of the  Channel in the Team to post message to"},"List_group_members_for_varTeamId":{"runAfter":{"Initialize_variable_varTeamMembers":["Succeeded"]},"metadata":{"operationMetadataId":"88c45480-0b00-4e15-84db-3e3dd571bc87"},"type":"OpenApiConnection","inputs":{"host":{"apiId":"/providers/Microsoft.PowerApps/apis/shared_office365groups","connectionName":"shared_office365groups","operationId":"ListGroupMembers"},"parameters":{"groupId":"@variables('varTeamId')"},"authentication":"@parameters('$authentication')"},"description":"List all the members for the Team varTeamId"},"Apply_to_each_Team_member":{"foreach":"@outputs('List_group_members_for_varTeamId')?['body/value']","actions":{"Append_to_string_variable_varTeamMembers":{"runAfter":{},"metadata":{"operationMetadataId":"584e561c-1510-422c-9312-309299cddf6f"},"type":"AppendToStringVariable","inputs":{"name":"varTeamMembers","value":"@{items('Apply_to_each_Team_member')?['mail']};"},"description":"Add each Team member to varTeamMembers separated with semi colon"}},"runAfter":{"List_group_members_for_varTeamId":["Succeeded"]},"metadata":{"operationMetadataId":"4c2b759e-b045-473c-8191-180517591ddb"},"type":"Foreach"},"Post_message_in_a_chat_or_channel_Business_Champions_Teams":{"runAfter":{"Condition":["Succeeded"]},"metadata":{"operationMetadataId":"875869e5-75d7-45f4-98c2-fa9fe13cc877"},"type":"OpenApiConnection","inputs":{"host":{"apiId":"/providers/Microsoft.PowerApps/apis/shared_teams","connectionName":"shared_teams","operationId":"PostMessageToConversation"},"parameters":{"poster":"User","location":"Channel","body/recipient/groupId":"d9ff3631-0a77-4a3e-bde5-d23489c2b2fb","body/recipient/channelId":"19:FPRHencaAO3VVUwzvFyfEn7v1mo6iT9YGL_dyodVo9s1@thread.tacv2","body/messageBody":"<p>@{outputs('Update_task_details_Add_check_list')?['body/description']}</p>","body/subject":"New Message center task - @{outputs('Update_a_task_(V2)_Add_labels')?['body/title']}"},"authentication":"@parameters('$authentication')"},"description":"Post message in Business Change Team for each new message. Includes description as they do not have access to the Planner"},"Delay":{"runAfter":{"Update_task_details_Add_check_list":["Succeeded"]},"metadata":{"operationMetadataId":"9e4cb32c-d469-45ad-8f0f-41ab4d2fd222"},"type":"Wait","inputs":{"interval":{"count":5,"unit":"Second"}}},"Delay_2":{"runAfter":{"Update_a_task_(V2)_Add_labels":["Succeeded"]},"metadata":{"operationMetadataId":"e2519f8b-07ac-4b0b-8ab9-bffb514ef0fe"},"type":"Wait","inputs":{"interval":{"count":5,"unit":"Second"}}},"Delay_3":{"runAfter":{"Get_task_details":["Succeeded"]},"metadata":{"operationMetadataId":"e8cb8fa2-2718-4b6c-8cba-673f76284133"},"type":"Wait","inputs":{"interval":{"count":5,"unit":"Second"}}},"Post_message_in_a_chat_or_channel_varTeamId":{"runAfter":{"Post_message_in_a_chat_or_channel_Business_Champions_Teams":["Succeeded"]},"metadata":{"operationMetadataId":"875869e5-75d7-45f4-98c2-fa9fe13cc877"},"type":"OpenApiConnection","inputs":{"host":{"apiId":"/providers/Microsoft.PowerApps/apis/shared_teams","connectionName":"shared_teams","operationId":"PostMessageToConversation"},"parameters":{"poster":"Flow bot","location":"Channel","body/recipient/groupId":"@variables('varTeamId')","body/recipient/channelId":"@variables('varChannelId')","body/messageBody":"<p><strong>New Message center task</strong><br>\n<a href=\"@{variables('varPlannerTaskLink')}@{triggerOutputs()?['body/id']}\">@{triggerOutputs()?['body/title']}</a></p>"},"authentication":"@parameters('$authentication')"}},"Initialize_variable_varPlannerTaskLink":{"runAfter":{"Initialize_variable_varYourDomain":["Succeeded"]},"metadata":{"operationMetadataId":"9e679349-a8b5-4f73-9820-e98ea7637e58"},"type":"InitializeVariable","inputs":{"variables":[{"name":"varPlannerTaskLink","type":"string","value":"https://tasks.office.com/@{variables('varYourDomain')}/Home/Task/"}]},"description":" Creates the https://tasks.office.com/<varYourDomain>/Home/Task/  URL used before the task id. Is used in the Team channel post"},"Initialize_variable_varYourDomain":{"runAfter":{"Initialize_variable_varChannelId":["Succeeded"]},"metadata":{"operationMetadataId":"69035197-b83b-4473-96f3-a62d2ab77d90"},"type":"InitializeVariable","inputs":{"variables":[{"name":"varYourDomain","type":"string","value":"M365x11400856.onmicrosoft.com"}]},"description":"Add your domain. this is used to form the Task URL link used in the Teams message"},"Initialize_variable_varEmailAddresses":{"runAfter":{"Initialize_variable_varPlannerTaskLink":["Succeeded"]},"metadata":{"operationMetadataId":"799eda6d-2fde-429f-8d86-c1e865c048e6"},"type":"InitializeVariable","inputs":{"variables":[{"name":"varEmailAddresses","type":"string","value":"AdeleV@M365x11400856.OnMicrosoft.com"}]},"description":"Create a semi colon list of one or more email addresses to assign task to"}},"description":"This flow works with the OOB Message Center sync to Planner process. Each time a Message Center change is added the the Planner this Flow updates the task witch a checklist, labels, assigns owners and sent Teams message and sends Teams messages to update users"},"connectionReferences":{"shared_planner":{"connectionName":"d1d4f7d057cf4ce2aa8a2a67b01e06dd","source":"Embedded","id":"/providers/Microsoft.PowerApps/apis/shared_planner","tier":"NotSpecified"},"shared_office365groups":{"connectionName":"f0ae2304ac8c441497395cdcbba0c595","source":"Embedded","id":"/providers/Microsoft.PowerApps/apis/shared_office365groups","tier":"NotSpecified"},"shared_teams":{"connectionName":"shared-teams-b711a90e-f0d6-460b-9b08-7f2236c64ec2","source":"Embedded","id":"/providers/Microsoft.PowerApps/apis/shared_teams","tier":"NotSpecified"}},"flowFailureAlertSubscribed":false,"isManaged":false}}