{"name":"68147fb9-de23-49d7-8b40-acbf0a76d3b4","id":"/providers/Microsoft.Flow/flows/68147fb9-de23-49d7-8b40-acbf0a76d3b4","type":"Microsoft.Flow/flows","properties":{"apiId":"/providers/Microsoft.PowerApps/apis/shared_logicflows","displayName":"Ownerless Groups -add leavers manager as owner","definition":{"metadata":{"workflowEntityId":null,"processAdvisorMetadata":null,"flowclientsuspensionreason":"None","flowclientsuspensiontime":null,"creator":{"id":"8f2114f0-c4ce-4877-8676-082da238dd16","type":"User","tenantId":"e0e8a05c-6a3f-4a81-912c-4068fd3820ff"},"provisioningMethod":"FromDefinition","failureAlertSubscription":true,"clientLastModifiedTime":"2022-01-27T23:16:04.2759699Z"},"$schema":"https://schema.management.azure.com/providers/Microsoft.Logic/schemas/2016-06-01/workflowdefinition.json#","contentVersion":"1.0.0.0","parameters":{"$connections":{"defaultValue":{},"type":"Object"},"$authentication":{"defaultValue":{},"type":"SecureObject"}},"triggers":{"manual":{"metadata":{"operationMetadataId":"c0881470-f8f4-4479-80ba-3adfcdd0c69b"},"type":"Request","kind":"Button","inputs":{"schema":{"type":"object","properties":{"email":{"title":"Enter Email","type":"string","format":"email","x-ms-dynamically-added":true,"description":"Please enter an e-mail address","x-ms-content-hint":"EMAIL"}},"required":["email"]},"headersSchema":{"x-ms-user-email-encoded":{"title":"User email","type":"string","format":"byte","x-ms-dynamically-added":false}}},"description":"Add the leavers/movers email address"}},"actions":{"Get_user":{"runAfter":{"Initialize_variable_-_Count_of_Groups":["Succeeded"]},"metadata":{"operationMetadataId":"620e3b0f-885a-4f2b-89a4-b2ef80de26dd"},"type":"OpenApiConnection","inputs":{"host":{"apiId":"/providers/Microsoft.PowerApps/apis/shared_azuread","connectionName":"shared_azuread","operationId":"GetUser"},"parameters":{"id":"@triggerBody()['email']"},"authentication":{"value":"@json(decodeBase64(triggerOutputs().headers['X-MS-APIM-Tokens']))['$ConnectionKey']","type":"Raw"}},"description":"Get details of user entered"},"Parse_JSON":{"runAfter":{"Send_an_HTTP_request_-_Get_Group_membership_for_Unified_groups":["Succeeded"]},"metadata":{"operationMetadataId":"3a4703c6-d9d1-4a11-aec3-5bb19b16edf5"},"type":"ParseJson","inputs":{"content":"@body('Send_an_HTTP_request_-_Get_Group_membership_for_Unified_groups')","schema":{"type":"object","properties":{"@@odata.context":{"type":"string"},"value":{"type":"array","items":{"type":"object","properties":{"id":{"type":"string"},"displayName":{"type":"string"}}}}}}}},"Create_HTML_table_-_List_of_groups_user_is_owner_of":{"runAfter":{"Apply_to_each_-_For_each_Group_get_owners":["Succeeded"]},"metadata":{"operationMetadataId":"a0017da7-5d45-4bbe-9747-648386956835"},"type":"Table","inputs":{"from":"@variables('varGroupsUserisOwnerOf')","format":"HTML"},"description":"Create a table of Groups display names and Group Ids that in used the Teams messages"},"Apply_to_each_-_For_each_Group_get_owners":{"foreach":"@body('Parse_JSON')?['value']","actions":{"Send_an_HTTP_request_Get_owner_of_Group":{"runAfter":{},"metadata":{"operationMetadataId":"cdac7b08-6f71-4077-a3fa-a431097a4d5c"},"type":"OpenApiConnection","inputs":{"host":{"apiId":"/providers/Microsoft.PowerApps/apis/shared_office365groups","connectionName":"shared_office365groups","operationId":"HttpRequest"},"parameters":{"Uri":"https://graph.microsoft.com/v1.0/groups/@{items('Apply_to_each_-_For_each_Group_get_owners')?['id']}/owners","Method":"GET","ContentType":"application/json"},"authentication":{"value":"@json(decodeBase64(triggerOutputs().headers['X-MS-APIM-Tokens']))['$ConnectionKey']","type":"Raw"}},"description":"Get a list of owners of a specific group"},"Parse_JSON_Owners_of_a_Group":{"runAfter":{"Send_an_HTTP_request_Get_owner_of_Group":["Succeeded"]},"metadata":{"operationMetadataId":"ae3a0b8a-aaff-4c36-8390-56e15dec33a6"},"type":"ParseJson","inputs":{"content":"@body('Send_an_HTTP_request_Get_owner_of_Group')","schema":{"type":"object","properties":{"@@odata.context":{"type":"string"},"value":{"type":"array","items":{"type":"object","properties":{"@@odata.type":{"type":"string"},"id":{"type":"string"},"displayName":{"type":"string"},"userPrincipalName":{"type":"string"}}}}}}}},"Filter_array_To_get_Groups_user_is_Owner_of":{"runAfter":{"Parse_JSON_Owners_of_a_Group":["Succeeded"]},"metadata":{"operationMetadataId":"4e2256a8-89ed-496f-b022-562bc8140778"},"type":"Query","inputs":{"from":"@body('Parse_JSON_Owners_of_a_Group')?['value']","where":"@equals(item()?['userPrincipalName'], outputs('Get_user')?['body/userPrincipalName'])"},"description":"Filter the list of Groups to only the groups where the user is an Owner"},"Apply_to_each_-_Create_an_array_of_Groups_user_is_owner_of":{"foreach":"@body('Filter_array_To_get_Groups_user_is_Owner_of')","actions":{"Append_to_array_-_Group_user_is_Owner_Of":{"runAfter":{},"metadata":{"operationMetadataId":"9cc76a9c-d56b-4d68-b9d4-a0d934088268"},"type":"AppendToArrayVariable","inputs":{"name":"varGroupsUserisOwnerOf","value":{"DisplayName":"@items('Apply_to_each_-_For_each_Group_get_owners')?['displayName']","ID":"@items('Apply_to_each_-_For_each_Group_get_owners')?['id']"}},"description":"For each Group user is owner of. Append the Group Display Name and the Group ID to the array"}},"runAfter":{"Filter_array_To_get_Groups_user_is_Owner_of":["Succeeded"]},"metadata":{"operationMetadataId":"f8d7263d-4c8c-416f-886d-4bf7128d47b9"},"type":"Foreach","description":"For the filter array of Groups that user is owner of. Add the Group Display name and Group Id to an array "}},"runAfter":{"Parse_JSON":["Succeeded"]},"metadata":{"operationMetadataId":"f7560ea2-e516-4b7a-b728-c5386c0b6774"},"type":"Foreach","description":"Loop through each Group the user is a member of to get the owner(s) of each Team"},"Initialize_variable_GroupsUserisOwnerOf":{"runAfter":{},"metadata":{"operationMetadataId":"c03dbad1-7830-41dd-8e4a-244452524d7d"},"type":"InitializeVariable","inputs":{"variables":[{"name":"varGroupsUserisOwnerOf","type":"array"}]},"description":"Variable that will hold the list of Groups the user is owner of"},"Send_an_HTTP_request_-_Get_Group_membership_for_Unified_groups":{"runAfter":{"Get_user":["Succeeded"]},"metadata":{"operationMetadataId":"4d8e21fd-6ba6-4517-82d4-1629b04d0ccf"},"type":"OpenApiConnection","inputs":{"host":{"apiId":"/providers/Microsoft.PowerApps/apis/shared_office365groups","connectionName":"shared_office365groups","operationId":"HttpRequest"},"parameters":{"Uri":"https://graph.microsoft.com/v1.0/users/@{outputs('Get_user')?['body/id']}/memberOf/$/microsoft.graph.group?$filter=groupTypes/any(a:a eq 'unified')","Method":"GET","ContentType":"application/json"},"authentication":{"value":"@json(decodeBase64(triggerOutputs().headers['X-MS-APIM-Tokens']))['$ConnectionKey']","type":"Raw"}},"description":"Get the list of all Groups that the user is a member of filtered to return only Unified Groups (M365 groups)"},"Set_variable_-_Count_of_Groups":{"runAfter":{"Create_HTML_table_-_List_of_groups_user_is_owner_of":["Succeeded"]},"metadata":{"operationMetadataId":"42f270b0-e39a-4df1-830a-957a810903d0"},"type":"SetVariable","inputs":{"name":"varCountofGroups","value":"@length(variables('varGroupsUserisOwnerOf'))"},"description":"A count of how many rows retuned in the HTML list. Expression = length(variables('varGroupsUserisOwnerOf'))"},"Initialize_variable_-_Count_of_Groups":{"runAfter":{"Initialize_variable_GroupsUserisOwnerOf":["Succeeded"]},"metadata":{"operationMetadataId":"cf06608a-d681-4753-9600-ac912059bb7b"},"type":"InitializeVariable","inputs":{"variables":[{"name":"varCountofGroups","type":"integer"}]},"description":"A count of how many rows retuned in the HTML list"},"Condition_-_Is_user_a_Group_owner":{"actions":{"Get_manager_(V2)":{"runAfter":{},"metadata":{"operationMetadataId":"e1b4b844-5346-4077-bef8-08924416b248"},"type":"OpenApiConnection","inputs":{"host":{"apiId":"/providers/Microsoft.PowerApps/apis/shared_office365users","connectionName":"shared_office365users","operationId":"Manager_V2"},"parameters":{"id":"@outputs('Get_user')?['body/id']"},"authentication":{"value":"@json(decodeBase64(triggerOutputs().headers['X-MS-APIM-Tokens']))['$ConnectionKey']","type":"Raw"}},"description":"For the user get their managers details. If no manager assigned this step will return 404 error."},"Error_handling_if_no_manager_-_Post_message_to_Flow_user":{"runAfter":{"Get_manager_(V2)":["Failed"]},"metadata":{"operationMetadataId":"11921948-e55a-4649-8430-a172ce3ad814"},"type":"OpenApiConnection","inputs":{"host":{"apiId":"/providers/Microsoft.PowerApps/apis/shared_teams","connectionName":"shared_teams","operationId":"PostMessageToConversation"},"parameters":{"poster":"Flow bot","location":"Chat with Flow bot","body/recipient":"@{triggerOutputs()['headers']['x-ms-user-email-encoded']};","body/messageBody":"<p><strong>Leavers process - Add manager as owner of Groups- Flow ended - No manager<br>\n</strong>The user @{outputs('Get_user')?['body/userPrincipalName']} is an owner of @{variables('varCountofGroups')} Groups. List&nbsp;of Groups shown below.<br>\n<br>\nThe ownership of these Groups cannot be reassigned as the user does not have a manager. <br>\n<br>\n@{body('Create_HTML_table_-_List_of_groups_user_is_owner_of')}</p>"},"authentication":{"value":"@json(decodeBase64(triggerOutputs().headers['X-MS-APIM-Tokens']))['$ConnectionKey']","type":"Raw"}},"description":"If the Get manage steps fails with 404 as user does not have a manager assigned"},"Scope_-__Add_manager_as_Group_owner":{"actions":{"Apply_to_each_-_Group_user_is_owner_of":{"foreach":"@variables('varGroupsUserisOwnerOf')","actions":{"Compose_Get_Group_Id":{"runAfter":{},"metadata":{"operationMetadataId":"7e5a612e-a070-4464-b53e-0b7936ed9f90"},"type":"Compose","inputs":"@items('Apply_to_each_-_Group_user_is_owner_of')?['ID']","description":"Get the Group Id from the array. Use Expression = item()?['ID']"},"Add_member_to_group_-_Add_manager_as_member_of_Group":{"runAfter":{"Compose_Get_Group_Id":["Succeeded"]},"metadata":{"operationMetadataId":"cc7a62a6-58b8-4f5c-959b-32867cb0bf20"},"type":"OpenApiConnection","inputs":{"host":{"apiId":"/providers/Microsoft.PowerApps/apis/shared_office365groups","connectionName":"shared_office365groups","operationId":"AddMemberToGroup"},"parameters":{"groupId":"@outputs('Compose_Get_Group_Id')","userUpn":"@outputs('Get_manager_(V2)')?['body/userPrincipalName']"},"authentication":{"value":"@json(decodeBase64(triggerOutputs().headers['X-MS-APIM-Tokens']))['$ConnectionKey']","type":"Raw"}},"description":"This step will error is the manager is already a member of the group. Note the flow will continue if it errors as this is expected behaviour"},"Send_an_HTTP_request_-_Add_manager_as_group_owner":{"runAfter":{"Add_member_to_group_-_Add_manager_as_member_of_Group":["Succeeded","Failed"]},"metadata":{"operationMetadataId":"9175cad3-44f9-4674-9861-287d9225be78"},"type":"OpenApiConnection","inputs":{"host":{"apiId":"/providers/Microsoft.PowerApps/apis/shared_office365groups","connectionName":"shared_office365groups","operationId":"HttpRequest"},"parameters":{"Uri":"https://graph.microsoft.com/v1.0/groups/@{outputs('Compose_Get_Group_Id')}/owners/$ref","Method":"POST","Body":"{\n    \"@odata.id\": \"https://graph.microsoft.com/v1.0/directoryObjects/@{outputs('Get_manager_(V2)')?['body/id']}\"\n}","ContentType":"application/json"},"authentication":{"value":"@json(decodeBase64(triggerOutputs().headers['X-MS-APIM-Tokens']))['$ConnectionKey']","type":"Raw"}},"description":"This step will error is the manager is already an owner of the group. Note the flow will continue if it errors as this is expected behaviour"}},"runAfter":{},"metadata":{"operationMetadataId":"81cedc0e-5b66-42d1-88e8-4677ebf5b6ee"},"type":"Foreach"},"Post_message_in_a_chat_-_to_Flow_user_confirming_action":{"runAfter":{"Apply_to_each_-_Group_user_is_owner_of":["Succeeded","Failed"]},"metadata":{"operationMetadataId":"789fb03a-4b62-41db-800a-6fefd0b356ce"},"type":"OpenApiConnection","inputs":{"host":{"apiId":"/providers/Microsoft.PowerApps/apis/shared_teams","connectionName":"shared_teams","operationId":"PostMessageToConversation"},"parameters":{"poster":"Flow bot","location":"Chat with Flow bot","body/recipient":"@{triggerOutputs()['headers']['x-ms-user-email-encoded']};","body/messageBody":"<p><strong>Leavers process - Add manager as owner of groups- Flow complete<br>\n</strong><br>\nThe manager @{outputs('Get_manager_(V2)')?['body/userPrincipalName']} has been added as an owner to  @{variables('varCountofGroups')}Groups. List of Groups shown below.<br>\n<br>\n@{body('Create_HTML_table_-_List_of_groups_user_is_owner_of')}</p>"},"authentication":{"value":"@json(decodeBase64(triggerOutputs().headers['X-MS-APIM-Tokens']))['$ConnectionKey']","type":"Raw"}},"description":"Confirmation that the manager has been reassigned as owner of Teams"},"Post_message_in_a_chat_-_to_manager":{"runAfter":{"Post_message_in_a_chat_-_to_Flow_user_confirming_action":["Succeeded"]},"metadata":{"operationMetadataId":"789fb03a-4b62-41db-800a-6fefd0b356ce"},"type":"OpenApiConnection","inputs":{"host":{"apiId":"/providers/Microsoft.PowerApps/apis/shared_teams","connectionName":"shared_teams","operationId":"PostMessageToConversation"},"parameters":{"poster":"Flow bot","location":"Chat with Flow bot","body/recipient":"@{outputs('Get_manager_(V2)')?['body/userPrincipalName']};","body/messageBody":"<p><strong>Leavers process - Important reassignment of Team ownership</strong><br>\n<br>\nAs part of the leavers process the manager is added as a Team owner of all Teams that the leaver is an owner of. This is to ensure Teams do not become ownerless.<br>\n<br>\n@{outputs('Get_user')?['body/userPrincipalName']} is leaving the organization and they are an owner of @{variables('varCountofGroups')} Groups. List of Groups shown below.<br>\n<br>\nAs their manager you have been automatically added as an owner of the following Groups. As owner you can reassign Group ownership to other people if required.<br>\n<br>\n@{body('Create_HTML_table_-_List_of_groups_user_is_owner_of')}</p>"},"authentication":{"value":"@json(decodeBase64(triggerOutputs().headers['X-MS-APIM-Tokens']))['$ConnectionKey']","type":"Raw"}},"description":"Manager informed that ownership of the Teams has been assigned to them"}},"runAfter":{"Get_manager_(V2)":["Succeeded"]},"metadata":{"operationMetadataId":"1bdfc72c-583d-45f0-804a-eaaea37dbdc5"},"type":"Scope"}},"runAfter":{"Set_variable_-_Count_of_Groups":["Succeeded"]},"else":{"actions":{"Post_message_in_a_chat_-_no_action_required":{"runAfter":{},"metadata":{"operationMetadataId":"789fb03a-4b62-41db-800a-6fefd0b356ce"},"type":"OpenApiConnection","inputs":{"host":{"apiId":"/providers/Microsoft.PowerApps/apis/shared_teams","connectionName":"shared_teams","operationId":"PostMessageToConversation"},"parameters":{"poster":"Flow bot","location":"Chat with Flow bot","body/recipient":"@{triggerOutputs()['headers']['x-ms-user-email-encoded']};;","body/messageBody":"<p>The user @{outputs('Get_user')?['body/userPrincipalName']} is not an owner of any Groups.<br>\nNo further action is required.</p>"},"authentication":{"value":"@json(decodeBase64(triggerOutputs().headers['X-MS-APIM-Tokens']))['$ConnectionKey']","type":"Raw"}}}}},"expression":{"greater":["@variables('varCountofGroups')",0]},"metadata":{"operationMetadataId":"dec93e63-509b-460c-90da-0303b7b5cce3"},"type":"If","description":"Is the user an owner of 1 or more Groups?"}},"description":"Enter in a user's email to check what groups they are an owner of. Then post an adaptive card to the Flow author to ask if the the user's manager should be added as a Group owner. If yes ass manager as owner to list of Teams"},"connectionReferences":{"shared_azuread":{"connectionName":"shared-azuread-45c28292-72af-4fef-8b00-0e58-71c7890f","source":"Invoker","id":"/providers/Microsoft.PowerApps/apis/shared_azuread","tier":"NotSpecified"},"shared_office365groups":{"connectionName":"shared-office365grou-a389a42d-874c-4b6b-8415-919eefb7db97","source":"Invoker","id":"/providers/Microsoft.PowerApps/apis/shared_office365groups","tier":"NotSpecified"},"shared_office365users":{"connectionName":"shared-office365user-e86ed199-239e-4a8b-b77c-d36a1fea2775","source":"Invoker","id":"/providers/Microsoft.PowerApps/apis/shared_office365users","tier":"NotSpecified"},"shared_teams":{"connectionName":"shared-teams-05ff729e-49b4-4a3a-85b6-4ee7-53ca4af7","source":"Invoker","id":"/providers/Microsoft.PowerApps/apis/shared_teams","tier":"NotSpecified"}},"flowFailureAlertSubscribed":false}}