{"name":"f8fb944e-a400-44eb-8e37-bb451e4debbe","id":"/providers/Microsoft.Flow/flows/f8fb944e-a400-44eb-8e37-bb451e4debbe","type":"Microsoft.Flow/flows","properties":{"apiId":"/providers/Microsoft.PowerApps/apis/shared_logicflows","displayName":"Create a Team Demo","definition":{"metadata":{"workflowEntityId":null,"processAdvisorMetadata":null,"flowclientsuspensionreason":"None","flowclientsuspensiontime":null,"creator":{"id":"8f2114f0-c4ce-4877-8676-082da238dd16","type":"User","tenantId":"e0e8a05c-6a3f-4a81-912c-4068fd3820ff"},"provisioningMethod":"FromDefinition","failureAlertSubscription":true,"clientLastModifiedTime":"2022-04-22T20:59:19.6308221Z"},"$schema":"https://schema.management.azure.com/providers/Microsoft.Logic/schemas/2016-06-01/workflowdefinition.json#","contentVersion":"1.0.0.0","parameters":{"$connections":{"defaultValue":{},"type":"Object"},"$authentication":{"defaultValue":{},"type":"SecureObject"}},"triggers":{"When_a_new_response_is_submitted":{"splitOn":"@triggerOutputs()?['body/value']","metadata":{"operationMetadataId":"cde4686b-b76d-40f1-9c97-2cc3f8d55798"},"type":"OpenApiConnectionWebhook","inputs":{"host":{"apiId":"/providers/Microsoft.PowerApps/apis/shared_microsoftforms","connectionName":"shared_microsoftforms","operationId":"CreateFormWebhook"},"parameters":{"form_id":"XKDo4D9qgUqRLEBo_Tgg__AUIY_OxHdIhnYILaI43RZUOTJLVUJUUVZTSTg4VDkyR1JZVEg5WEE1UC4u"},"authentication":"@parameters('$authentication')"}}},"actions":{"Get_response_details":{"runAfter":{},"metadata":{"operationMetadataId":"f550ab5e-d014-4428-9553-5344bbea3f11"},"type":"OpenApiConnection","inputs":{"host":{"apiId":"/providers/Microsoft.PowerApps/apis/shared_microsoftforms","connectionName":"shared_microsoftforms","operationId":"GetFormResponseById"},"parameters":{"form_id":"XKDo4D9qgUqRLEBo_Tgg__AUIY_OxHdIhnYILaI43RZUOTJLVUJUUVZTSTg4VDkyR1JZVEg5WEE1UC4u","response_id":"@triggerOutputs()?['body/resourceData/responseId']"},"authentication":"@parameters('$authentication')"}},"Initialize_Approvers_variable":{"runAfter":{"Get_Second_owner_profile":["Succeeded"]},"metadata":{"operationMetadataId":"5dc5123d-4f37-4081-9bec-63d43f346d64"},"type":"InitializeVariable","inputs":{"variables":[{"name":"varApprovers","type":"string"}]}},"Initialize_SensitivityLabel_variable":{"runAfter":{"Initialize_ApproversTeam_variable":["Succeeded"]},"metadata":{"operationMetadataId":"5bf10de9-c9e7-47c3-8218-a4c0647b9f7e"},"type":"InitializeVariable","inputs":{"variables":[{"name":"varSensitivityLabel","type":"string"}]}},"Get_Second_owner_profile":{"runAfter":{"Get_Requestor_profile":["Succeeded"]},"metadata":{"operationMetadataId":"4eb50ad8-e42c-4390-af68-73b676ad1fbe","flowSystemMetadata":{"swaggerOperationId":"UserProfile_V2"}},"type":"ApiConnection","inputs":{"host":{"connection":{"name":"@parameters('$connections')['shared_office365users']['connectionId']"},"api":{"runtimeUrl":"https://uk-001.azure-apim.net/apim/office365users"}},"method":"get","path":"/codeless/v1.0/users/@{encodeURIComponent(outputs('Get_response_details')?['body/ra8fd75d44e9143f7a21f63e2bf2cde32'])}","authentication":"@parameters('$authentication')"}},"Get_Requestor_profile":{"runAfter":{"Get_Flow_owner_profile":["Succeeded"]},"metadata":{"operationMetadataId":"5ef6c4cc-a357-4935-a3e5-17e4fd25b517","flowSystemMetadata":{"swaggerOperationId":"UserProfile_V2"}},"type":"ApiConnection","inputs":{"host":{"connection":{"name":"@parameters('$connections')['shared_office365users']['connectionId']"},"api":{"runtimeUrl":"https://uk-001.azure-apim.net/apim/office365users"}},"method":"get","path":"/codeless/v1.0/users/@{encodeURIComponent(outputs('Get_response_details')?['body/responder'])}","authentication":"@parameters('$authentication')"}},"Create_item_in_NewTeamList":{"runAfter":{"Initialize__RequestATeamForm_variable":["Succeeded"]},"metadata":{"operationMetadataId":"9f3086a6-0dc0-44b0-9e25-ce11e2da44f4"},"type":"OpenApiConnection","inputs":{"host":{"apiId":"/providers/Microsoft.PowerApps/apis/shared_sharepointonline","connectionName":"shared_sharepointonline","operationId":"PostItem"},"parameters":{"dataset":"https://m365x002361.sharepoint.com/sites/NewTeamCreationApprovers","table":"bbd57d7e-ce7a-4fa4-b0ed-523b1615116c","item/Title":"@outputs('Get_response_details')?['body/r5f904a2cf29345809cf15a29718ea08a']","item/Description":"@outputs('Get_response_details')?['body/r12eb34e2f1bd4a6e929dcbd6311f7046']","item/Justification":"@outputs('Get_response_details')?['body/r888c75e96de346049743b43fc2b7d6ea']","item/Privacy":"@outputs('Get_response_details')?['body/rf197f89b961b4c24ab894750cbbbcc91']","item/Sensitivity":"@outputs('Get_response_details')?['body/r520f380b572d4df4a99a892d341acdd5']","item/TeamType":"@outputs('Get_response_details')?['body/r66986fc3fafa4d0ba97fb5d459f44bc8']","item/Duration":"@formatDateTime(outputs('Get_response_details')?['body/r27f399e9acaf4f8e85a4b1dca56a3bac'])","item/Owner2/Claims":"@body('Get_Requestor_profile')?['userPrincipalName']","item/Requestor/Claims":"@body('Get_Requestor_profile')?['userPrincipalName']","item/RequestorCountry":"@body('Get_Requestor_profile')?['country']"},"authentication":"@parameters('$authentication')"},"description":"Duration column = date collected in the form needs to be converted to a date using Expression . formatDateTime(outputs('field in form'])"},"Get_Flow_owner_profile":{"runAfter":{"Get_response_details":["Succeeded"]},"metadata":{"operationMetadataId":"aa4ebc29-dfb3-499a-bddb-52ea189f0a65"},"type":"OpenApiConnection","inputs":{"host":{"apiId":"/providers/Microsoft.PowerApps/apis/shared_office365users","connectionName":"shared_office365users","operationId":"MyProfile_V2"},"parameters":{},"authentication":"@parameters('$authentication')"},"description":"The Flow owner is automatically added as Team owner so needs to be removed at the end of the flow"},"Initialize__RequestATeamForm_variable":{"runAfter":{"Initialize_SensitivityLabel_variable":["Succeeded"]},"metadata":{"operationMetadataId":"5738019a-3348-49b6-9d2c-000864dd2fec"},"type":"InitializeVariable","inputs":{"variables":[{"name":" varRequestATeamForm","type":"string","value":"https://teams.microsoft.com/_#/apps/a9cf4ce6-6d12-47d2-a64a-16ee81d20154/sections/IntranetTabID"}]},"description":"Add the URL of the New Team request form. This will be sued of the the requested is rejected because it is a duplicate"},"Initialize_NewTeamURL_variable":{"runAfter":{"Initialize_variable_TeamNameNoSpace":["Succeeded"]},"metadata":{"operationMetadataId":"8bf8766b-ceaa-485d-ac81-2f02c377d3be"},"type":"InitializeVariable","inputs":{"variables":[{"name":"varNewTeamURL","type":"string","value":"@{variables('varSiteDomain')}@{variables('varTeamNameNoSpace')}"}]},"description":"Requested Team appends the requested Team name without spaces to the site domain to make the url to look up"},"Initialize_variable_TeamNameNoSpace":{"runAfter":{"Initialize_variable_SiteDomain":["Succeeded"]},"metadata":{"operationMetadataId":"821906b8-8dc2-491d-a627-160916cb0fde"},"type":"InitializeVariable","inputs":{"variables":[{"name":"varTeamNameNoSpace","type":"string","value":"@{replace(outputs('Create_item_in_NewTeamList')?['body/Team_x0020_Name'],' ','')}"}]},"description":"Any spaces are removed from the Team name as a url cannot have spaces Expression =  replace(outputs('Create_item_in_NewTeamList')?['body/Team_x0020_Name'],' ','')"},"Initialize_variable_SiteDomain":{"runAfter":{"Create_item_in_NewTeamList":["Succeeded"]},"metadata":{"operationMetadataId":"53121f7a-7864-4ffd-911e-7da052e317c1"},"type":"InitializeVariable","inputs":{"variables":[{"name":"varSiteDomain","type":"string","value":"https://m365x002361.sharepoint.com/sites/"}]},"description":"The main domain name  and URL used when looking up a site url.  Th requested Team name will be added"},"Initialize_variableTeamURLExists":{"runAfter":{"Initialize_NewTeamURL_variable":["Succeeded"]},"metadata":{"operationMetadataId":"5d220899-6a1e-4f86-9383-aea07d67ecf5"},"type":"InitializeVariable","inputs":{"variables":[{"name":"varTeamURLExists","type":"boolean"}]}},"Condition_if_site_URL_does_not_exist":{"actions":{"Condition_If_the_New_Team_request_Approved":{"actions":{"Scope_-_Create_Team":{"actions":{"Create_a_team":{"runAfter":{},"metadata":{"operationMetadataId":"ad6b1d00-1be6-4413-a7f2-6406a885245d"},"type":"OpenApiConnection","inputs":{"host":{"apiId":"/providers/Microsoft.PowerApps/apis/shared_teams","connectionName":"shared_teams","operationId":"CreateATeam"},"parameters":{"body/displayName":"@outputs('Create_item_in_NewTeamList')?['body/Team_x0020_Name']","body/description":"@outputs('Create_item_in_NewTeamList')?['body/Description']","body/visibility":"@outputs('Create_item_in_NewTeamList')?['body/Privacy']"},"authentication":"@parameters('$authentication')"},"description":"The Flow owner is automatically added as Team owner"},"Update_list_to_show_request_has_been_approved":{"foreach":"@outputs('Start_and_wait_for_an_approval')?['body/responses']","actions":{"Update_item_approved":{"runAfter":{},"metadata":{"operationMetadataId":"97b4f2f0-855b-4eee-b3da-b54b0028a4ed"},"type":"OpenApiConnection","inputs":{"host":{"apiId":"/providers/Microsoft.PowerApps/apis/shared_sharepointonline","connectionName":"shared_sharepointonline","operationId":"PatchItem"},"parameters":{"dataset":"https://m365x002361.sharepoint.com/sites/NewTeamCreationApprovers","table":"bbd57d7e-ce7a-4fa4-b0ed-523b1615116c","id":"@outputs('Create_item_in_NewTeamList')?['body/ID']","item/Title":"@outputs('Create_item_in_NewTeamList')?['body/Title']","item/approver/Claims":"@items('Update_list_to_show_request_has_been_approved')?['responder/email']","item/Approvalstatus":"@outputs('Start_and_wait_for_an_approval')?['body/outcome']","item/Approvaldate":"@outputs('Start_and_wait_for_an_approval')?['body/completionDate']","item/Approvalsummary":"@items('Update_list_to_show_request_has_been_approved')?['comments']","item/Teamid":"@outputs('Create_a_team')?['body/newTeamId']"},"authentication":"@parameters('$authentication')"}}},"runAfter":{"Create_a_team":["Succeeded"]},"metadata":{"operationMetadataId":"a229e2d8-3f5e-4af6-9bf4-e1a913f623ea"},"type":"Foreach"},"Delay_wait_for_4_mins":{"runAfter":{"Update_list_to_show_request_has_been_approved":["Succeeded"]},"metadata":{"operationMetadataId":"81a5bf2a-ff5d-44a2-b2ed-220443fbc1ae"},"type":"Wait","inputs":{"interval":{"count":4,"unit":"Minute"}},"description":"Add in a wait to make sure the Team and group is created. Otherwise the next step will fail as it won't be able to find Group ID"}},"runAfter":{},"metadata":{"operationMetadataId":"aacea274-b96d-4a19-85cc-c62a49dea723"},"type":"Scope"},"Scope_-_Add_sensitivity_label_to_Group":{"actions":{"Condition_-_Which_sensitivity_label":{"actions":{"Set_Sensitivity_label_to_Interna-Interne":{"runAfter":{},"metadata":{"operationMetadataId":"cc19f10f-6926-49e1-9885-c22e1d9b4abc"},"type":"SetVariable","inputs":{"name":"varSensitivityLabel","value":"e3b9ced6-50ff-467c-81b5-d36d57d078f4"},"description":"The ID of the sensitivity label = Internal-Interne"}},"runAfter":{},"else":{"actions":{"Set_SensitivityLabel_to_External-Externe":{"runAfter":{},"metadata":{"operationMetadataId":"5be2340d-a4d3-4701-a33f-d8b7be28844b"},"type":"SetVariable","inputs":{"name":"varSensitivityLabel","value":"77472f58-a583-4e22-aec9-34473162ae9a"},"description":"The ID of the sensitivity label =External-externe"}}},"expression":{"equals":["@outputs('Create_item_in_NewTeamList')?['body/Sensitivity']","Internal-Interne"]},"metadata":{"operationMetadataId":"0e6b7279-2e3e-4514-b4a2-001d1d533abb"},"type":"If"},"Send_an_HTTP_request_Add_sensitivity_label":{"runAfter":{"Condition_-_Which_sensitivity_label":["Succeeded"]},"metadata":{"operationMetadataId":"9227df00-baf0-4091-8efd-a93985a48807"},"type":"OpenApiConnection","inputs":{"host":{"apiId":"/providers/Microsoft.PowerApps/apis/shared_office365groups","connectionName":"shared_office365groups","operationId":"HttpRequest"},"parameters":{"Uri":"https://graph.microsoft.com/v1.0/groups/@{outputs('Create_a_team')?['body/newTeamId']}","Method":"PATCH","Body":"\t{\n\t  \"assignedLabels\": \n\t  [\n\t\t{\n\t\t\t\"labelId\" : \"@{variables('varSensitivityLabel')}\"\n\t\t}\n\t  ]\n\t}","ContentType":"application/json"},"authentication":"@parameters('$authentication')"},"description":"Add the sensitivity id to the Group"}},"runAfter":{"Scope_-_Create_Team":["Succeeded"]},"metadata":{"operationMetadataId":"bd5399af-e756-4f79-8521-b93d96897f84"},"type":"Scope"},"Scope_-_Add_owners_to_Team":{"actions":{"Add_requester_as_Team_owner":{"runAfter":{},"metadata":{"operationMetadataId":"aaca9a23-9bf5-4a11-92d2-f8d30ed29a17"},"type":"OpenApiConnection","inputs":{"host":{"apiId":"/providers/Microsoft.PowerApps/apis/shared_teams","connectionName":"shared_teams","operationId":"AddMemberToTeam"},"parameters":{"teamId":"@outputs('Create_a_team')?['body/newTeamId']","body/userId":"@body('Get_Requestor_profile')?['userPrincipalName']","body/owner":true},"authentication":"@parameters('$authentication')"}},"Add_second_owner_to_Team_owner":{"runAfter":{"Add_requester_as_Team_owner":["Succeeded"]},"metadata":{"operationMetadataId":"aaca9a23-9bf5-4a11-92d2-f8d30ed29a17"},"type":"OpenApiConnection","inputs":{"host":{"apiId":"/providers/Microsoft.PowerApps/apis/shared_teams","connectionName":"shared_teams","operationId":"AddMemberToTeam"},"parameters":{"teamId":"@outputs('Create_a_team')?['body/newTeamId']","body/userId":"@body('Get_Second_owner_profile')?['userPrincipalName']","body/owner":true},"authentication":"@parameters('$authentication')"}}},"runAfter":{"Scope_-_Add_sensitivity_label_to_Group":["Succeeded"]},"metadata":{"operationMetadataId":"75de234b-079d-4a5a-a1f3-d4c4b7c18cda"},"type":"Scope"},"Delay__2_mins":{"runAfter":{"Scope_-_Add_owners_to_Team":["Succeeded"]},"metadata":{"operationMetadataId":"81a5bf2a-ff5d-44a2-b2ed-220443fbc1ae"},"type":"Wait","inputs":{"interval":{"count":2,"unit":"Minute"}},"description":"Add a delay to ensure the owners have been added"},"Condition_Is_flow_owner_the_requestor_or_second_owner_":{"actions":{},"runAfter":{"Delay__2_mins":["Succeeded"]},"else":{"actions":{"Remove_Flow_account_as_owner_of_group_2":{"runAfter":{},"metadata":{"operationMetadataId":"f9ea4819-bb37-40e1-81f5-efb155fbbb63"},"type":"OpenApiConnection","inputs":{"host":{"apiId":"/providers/Microsoft.PowerApps/apis/shared_office365groups","connectionName":"shared_office365groups","operationId":"HttpRequest"},"parameters":{"Uri":"https://graph.microsoft.com/v1.0/groups/@{outputs('Create_a_team')?['body/newTeamId']}/owners/@{outputs('Get_Flow_owner_profile')?['body/id']}/$ref","Method":"DELETE","ContentType":"application/json"},"authentication":"@parameters('$authentication')"}},"Remove_Flow_account_as_member_of_group_2":{"runAfter":{"Remove_Flow_account_as_owner_of_group_2":["Succeeded"]},"metadata":{"operationMetadataId":"6d46d824-8f22-4388-bb77-35c49cda5a2b"},"type":"OpenApiConnection","inputs":{"host":{"apiId":"/providers/Microsoft.PowerApps/apis/shared_office365groups","connectionName":"shared_office365groups","operationId":"RemoveMemberFromGroup"},"parameters":{"groupId":"@outputs('Create_a_team')?['body/newTeamId']","userUpn":"@outputs('Get_Flow_owner_profile')?['body/userPrincipalName']"},"authentication":"@parameters('$authentication')"}}}},"expression":{"or":[{"equals":["@outputs('Get_Flow_owner_profile')?['body/mail']","@body('Get_Requestor_profile')?['mail']"]},{"equals":["@outputs('Get_Flow_owner_profile')?['body/mail']","@body('Get_Second_owner_profile')?['mail']"]}]},"metadata":{"operationMetadataId":"d6b459f7-256d-41e6-8804-4ec46e2b7e27"},"type":"If","description":"If flow owner is either the requester or second owner the terminate flow. Else remove flow owner from team"}},"runAfter":{"Scope_-_Send_Approval_to_all_of_users_in_a_specific_group_or_Team":["Succeeded"]},"else":{"actions":{"Update_list_to_show_request_has_been_Rejected":{"foreach":"@outputs('Start_and_wait_for_an_approval')?['body/responses']","actions":{"Update_item_rejected":{"runAfter":{},"metadata":{"operationMetadataId":"97b4f2f0-855b-4eee-b3da-b54b0028a4ed"},"type":"OpenApiConnection","inputs":{"host":{"apiId":"/providers/Microsoft.PowerApps/apis/shared_sharepointonline","connectionName":"shared_sharepointonline","operationId":"PatchItem"},"parameters":{"dataset":"https://m365x002361.sharepoint.com/sites/NewTeamCreationApprovers","table":"bbd57d7e-ce7a-4fa4-b0ed-523b1615116c","id":"@outputs('Create_item_in_NewTeamList')?['body/ID']","item/Title":"@outputs('Create_item_in_NewTeamList')?['body/Title']","item/approver/Claims":"@items('Update_list_to_show_request_has_been_Rejected')?['responder/email']","item/Approvalstatus":"@outputs('Start_and_wait_for_an_approval')?['body/outcome']","item/Approvaldate":"@outputs('Start_and_wait_for_an_approval')?['body/completionDate']","item/Approvalsummary":"@items('Update_list_to_show_request_has_been_Rejected')?['comments']"},"authentication":"@parameters('$authentication')"}}},"runAfter":{},"metadata":{"operationMetadataId":"e9e6e110-3b53-4819-b92b-2dbaafd9ebde"},"type":"Foreach"}}},"expression":{"equals":["@outputs('Start_and_wait_for_an_approval')?['body/outcome']","Approve"]},"metadata":{"operationMetadataId":"4e55e8e3-8417-46aa-86e1-4bd4d35f19c0"},"type":"If"},"Scope_-_Send_Approval_to_all_of_users_in_a_specific_group_or_Team":{"actions":{"List_group_members":{"runAfter":{},"metadata":{"flowSystemMetadata":{"swaggerOperationId":"ListGroupMembers"},"operationMetadataId":"d8d5cd12-35a9-4723-a16a-cc2259c103f4"},"type":"ApiConnection","inputs":{"host":{"connection":{"name":"@parameters('$connections')['shared_office365groups']['connectionId']"},"api":{"runtimeUrl":"https://uk-001.azure-apim.net/apim/office365groups"}},"method":"get","path":"/v1.0/groups/@{encodeURIComponent(variables('varApproversTeam'))}/members","authentication":"@parameters('$authentication')"},"description":"This is list of people to send the approval to"},"Add_all_members_in_the_group_or_Team_to_a__the_Approvers_variable":{"foreach":"@body('List_group_members')?['value']","actions":{"Append_to_Approvers_variable":{"runAfter":{},"metadata":{"operationMetadataId":"9d53c28f-caa2-45d8-8a78-5a54a33c8c35"},"type":"AppendToStringVariable","inputs":{"name":"varApprovers","value":"@{items('Add_all_members_in_the_group_or_Team_to_a__the_Approvers_variable')?['mail']};"}}},"runAfter":{"List_group_members":["Succeeded"]},"metadata":{"operationMetadataId":"a7828e29-372c-478d-9a04-3d9fd2f2b281"},"type":"Foreach","description":"Add each member of the Team to the Approvers variable"},"Start_and_wait_for_an_approval":{"runAfter":{"Add_all_members_in_the_group_or_Team_to_a__the_Approvers_variable":["Succeeded"]},"metadata":{"operationMetadataId":"a1e170f6-32b1-455c-a49f-ef338a4929cc"},"type":"OpenApiConnectionWebhook","inputs":{"host":{"apiId":"/providers/Microsoft.PowerApps/apis/shared_approvals","connectionName":"shared_approvals","operationId":"StartAndWaitForAnApproval"},"parameters":{"approvalType":"Basic","WebhookApprovalCreationInput/title":"New Team request","WebhookApprovalCreationInput/assignedTo":"@{variables('varApprovers')};;","WebhookApprovalCreationInput/details":"A new Team called @{outputs('Create_item_in_NewTeamList')?['body/Team_x0020_Name']} has been requested.\n\nTeam name requested: @{outputs('Create_item_in_NewTeamList')?['body/Title']}\nFormatted Team name to be used: @{outputs('Create_item_in_NewTeamList')?['body/Team_x0020_Name']}\nSensitivity label: @{outputs('Create_item_in_NewTeamList')?['body/Sensitivity']} \n\nTeam description: @{outputs('Create_item_in_NewTeamList')?['body/Description']}\n\nTeam required until: @{outputs('Get_response_details')?['body/r27f399e9acaf4f8e85a4b1dca56a3bac']} ","WebhookApprovalCreationInput/requestor":"@{outputs('Create_item_in_NewTeamList')?['body/Requestor/Email']};","WebhookApprovalCreationInput/enableNotifications":true,"WebhookApprovalCreationInput/enableReassignment":true},"authentication":"@parameters('$authentication')"}}},"runAfter":{},"metadata":{"operationMetadataId":"b2922aac-d6bb-4af1-88d8-83895699517b"},"type":"Scope"}},"runAfter":{"Scope_-_Check_if_Site_URL_exists_therefore_duplicate_Team":["Succeeded"]},"else":{"actions":{"Scope_-_Duplicate_Team_send_rejection":{"actions":{"Update_item_-_request_rejected_as_duplicate":{"runAfter":{},"metadata":{"operationMetadataId":"ba9ebe07-4d72-4ac5-a1f2-3693b2ec2b0e","flowSystemMetadata":{"swaggerOperationId":"PatchItem"}},"type":"ApiConnection","inputs":{"host":{"connection":{"name":"@parameters('$connections')['shared_sharepointonline']['connectionId']"},"api":{"runtimeUrl":"https://uk-001.azure-apim.net/apim/sharepointonline"}},"method":"patch","body":{"Title":"@outputs('Create_item_in_NewTeamList')?['body/Title']","Approvalstatus":"Rejected - Duplicate name","Approvaldate":"@outputs('Get_response_details')?['body/submitDate']","Approvalsummary":"The request was rejected as the Team SharePoint URL already exists"},"path":"/datasets/@{encodeURIComponent(encodeURIComponent('https://m365x002361.sharepoint.com/sites/NewTeamCreationApprovers'))}/tables/@{encodeURIComponent(encodeURIComponent('bbd57d7e-ce7a-4fa4-b0ed-523b1615116c'))}/items/@{encodeURIComponent(outputs('Create_item_in_NewTeamList')?['body/ID'])}","authentication":"@parameters('$authentication')"}},"Post_adaptive_card_in_a_chat_or_channel__request_rejected_duplicate_url":{"runAfter":{"Update_item_-_request_rejected_as_duplicate":["Succeeded"]},"metadata":{"operationMetadataId":"56edc39a-c6ff-4043-9924-c7f68e46c9c4","flowSystemMetadata":{"swaggerOperationId":"PostCardToConversation"}},"type":"ApiConnection","inputs":{"host":{"connection":{"name":"@parameters('$connections')['shared_teams_1']['connectionId']"},"api":{"runtimeUrl":"https://uk-001.azure-apim.net/apim/teams"}},"method":"post","body":{"recipient":"@{body('Update_item_-_request_rejected_as_duplicate')?['Requestor']?['Email']};","messageBody":"{\n    \"type\": \"AdaptiveCard\",\n    \"body\": [\n        {\n            \"type\": \"TextBlock\",\n            \"text\": \"New Team request is rejected\",\n            \"spacing\": \"Medium\",\n            \"size\": \"Large\",\n            \"weight\": \"Bolder\"\n        },\n        {\n            \"type\": \"FactSet\",\n            \"facts\": [\n               {\n                    \"title\": \"Requested Team name:\",\n                    \"value\": \"@{body('Update_item_-_request_rejected_as_duplicate')['Title']}\"\n               },\n               {\n                    \"title\": \"Formatted Team name:\",\n                    \"value\": \"@{body('Update_item_-_request_rejected_as_duplicate')?['Team_x0020_Name']}\"\n               },\n               {\n                    \"title\": \"Requested on:\",\n                    \"value\": \"@{body('Update_item_-_request_rejected_as_duplicate')?['Created']}\"\n                },\n               {\n                    \"title\": \"Reason:\",\n                    \"value\": \"Your request for a new Team has been rejected as the formatted Team name '@{body('Update_item_-_request_rejected_as_duplicate')?['Team_x0020_Name']}' matches an existing Team SharePoint site URL so cannot be created.\"\n                }\n            ]\n        },\n\t    {\n            \"type\": \"TextBlock\",\n            \"text\": \"Please submit your request again\",\n            \"weight\": \"Bolder\"\n        }\n    ],\n\"actions\": [\n        {\n            \"type\": \"Action.OpenUrl\",\n            \"title\": \"Request a new Team\",\n            \"url\": \"https://teams.microsoft.com/_#/apps/a9cf4ce6-6d12-47d2-a64a-16ee81d20154/sections/IntranetTabID\",\n            \"style\": \"positive\"\n        }\n    ],\n    \"version\": \"1.2\",\n    \"$schema\": \"http://adaptivecards.io/schemas/adaptive-card.json\"\n}"},"path":"/v1.0/teams/conversation/adaptivecard/poster/Flow bot/location/@{encodeURIComponent('Chat with Flow bot')}","authentication":"@parameters('$authentication')"}}},"runAfter":{},"metadata":{"operationMetadataId":"93b8e220-4834-4a89-991b-041fb0f9ec26"},"type":"Scope"}}},"expression":{"equals":["@variables('varTeamURLExists')","@false"]},"metadata":{"operationMetadataId":"f4afb5fa-2a41-4186-855f-a9467116eff4"},"type":"If","description":"If the URL does not exist  then Yes carry on  with Team creation. If URL exists then No  reject request "},"Initialize_ApproversTeam_variable":{"runAfter":{"Initialize_Approvers_variable":["Succeeded"]},"metadata":{"operationMetadataId":"8ff24db7-b3a3-4bbf-97e3-c07a95c67859"},"type":"InitializeVariable","inputs":{"variables":[{"name":"varApproversTeam","type":"string","value":"113cf6c5-2523-4d9d-875d-c660a03655ce"}]},"description":"Add the Team id from the Team you want the approval to go to"},"Scope_-_Check_if_Site_URL_exists_therefore_duplicate_Team":{"actions":{"Get_lists":{"runAfter":{},"metadata":{"operationMetadataId":"6f1b97f4-c503-4319-8a60-99c6850d5f2d"},"type":"OpenApiConnection","inputs":{"host":{"apiId":"/providers/Microsoft.PowerApps/apis/shared_sharepointonline","connectionName":"shared_sharepointonline","operationId":"GetTables"},"parameters":{"dataset":"@variables('varNewTeamURL')"},"authentication":"@parameters('$authentication')"},"description":"Look up the requested url to see if already exists. Status 200 & 403 will show that it exists and 404 shows it does not exist"},"Switch_-_depending_on_status_code_of_Get_lists":{"runAfter":{"Compose_Status_Code":["Succeeded"]},"cases":{"Case_-_200_status_-_Site_URL_exists_and_user_has_access":{"case":200,"actions":{"Set_TeamURL_Exists_variable_to_true":{"runAfter":{},"type":"SetVariable","inputs":{"name":"varTeamURLExists","value":"@true"}}}},"Case_2_-_403_status_-_site_URL_exists_but_user_does_not_have_access":{"case":403,"actions":{"Set_TeamURL_Exists_variable_to_true_2":{"runAfter":{},"type":"SetVariable","inputs":{"name":"varTeamURLExists","value":"@true"}}}},"Case_3_-_404_site_URL_does_not_exist":{"case":404,"actions":{"Set_TeamURL_Exists_variable_To_False":{"runAfter":{},"type":"SetVariable","inputs":{"name":"varTeamURLExists","value":"@false"}}}}},"default":{"actions":{}},"expression":"@outputs('Compose_Status_Code')","metadata":{"operationMetadataId":"5a343f1f-9bd4-4c0d-b9eb-01623a174393"},"type":"Switch","description":"200 = has access, 403 = site exists but no access, 404 = site does not exist"},"Compose_Status_Code":{"runAfter":{"Get_lists":["Succeeded","Failed"]},"metadata":{"operationMetadataId":"f34bef2c-234d-4b08-a81d-746ad5883f12"},"type":"Compose","inputs":"@outputs('Get_lists')['statusCode']","description":"Make sure you update the Configure run after to include Failed  otherwise the status code will not appear. Expression = outputs('Get_lists')['statusCode'] and configure to run after Failed"}},"runAfter":{"Initialize_variableTeamURLExists":["Succeeded"]},"metadata":{"operationMetadataId":"0a37a2bf-7617-4056-97a7-00dbb5197576"},"type":"Scope"}},"description":"Create a new Team based on an an input in a form to ensure multiple owners and to capture metadata. This info is added to a list\n1. Adds approval\n2. Creates Team \n3. Add sensitivity label\n4. Add multiple owners\n5. Removes Flow owner as owners and member\n6. All info stored in list"},"connectionReferences":{"shared_office365users":{"connectionName":"shared-office365user-e86ed199-239e-4a8b-b77c-d36a1fea2775","source":"Embedded","id":"/providers/Microsoft.PowerApps/apis/shared_office365users","tier":"NotSpecified"},"shared_office365groups":{"connectionName":"shared-office365grou-a389a42d-874c-4b6b-8415-919eefb7db97","source":"Embedded","id":"/providers/Microsoft.PowerApps/apis/shared_office365groups","tier":"NotSpecified"},"shared_sharepointonline":{"connectionName":"shared-sharepointonl-cf979465-1c14-4f53-ab7b-343edbf9b646","source":"Embedded","id":"/providers/Microsoft.PowerApps/apis/shared_sharepointonline","tier":"NotSpecified"},"shared_teams_1":{"connectionName":"shared-teams-23263198-ba99-406b-8695-ba34f9bd63ae","source":"Embedded","id":"/providers/Microsoft.PowerApps/apis/shared_teams","tier":"NotSpecified"},"shared_microsoftforms":{"connectionName":"shared-microsoftform-26da02a4-d0c0-48af-b081-f78072345d73","source":"Embedded","id":"/providers/Microsoft.PowerApps/apis/shared_microsoftforms","tier":"NotSpecified"},"shared_teams":{"connectionName":"shared-teams-05ff729e-49b4-4a3a-85b6-4ee7-53ca4af7","source":"Embedded","id":"/providers/Microsoft.PowerApps/apis/shared_teams","tier":"NotSpecified"},"shared_approvals":{"connectionName":"shared-approvals-bdc069b8-11ef-4748-9f8d-a558c5954bd6","source":"Embedded","id":"/providers/Microsoft.PowerApps/apis/shared_approvals","tier":"NotSpecified"}},"flowFailureAlertSubscribed":false,"isManaged":false}}