{"name":"2fdcfde9-bac7-43d7-99f4-c8ae578eb4bc","id":"/providers/Microsoft.Flow/flows/2fdcfde9-bac7-43d7-99f4-c8ae578eb4bc","type":"Microsoft.Flow/flows","properties":{"apiId":"/providers/Microsoft.PowerApps/apis/shared_logicflows","displayName":"Get Message Center messages and add to List","definition":{"metadata":{"workflowEntityId":null,"processAdvisorMetadata":null,"flowclientsuspensionreason":"None","flowclientsuspensiontime":null,"creator":{"id":"8f2114f0-c4ce-4877-8676-082da238dd16","type":"User","tenantId":"e0e8a05c-6a3f-4a81-912c-4068fd3820ff"},"provisioningMethod":"FromDefinition","failureAlertSubscription":true,"clientLastModifiedTime":"2022-02-08T13:09:32.3174061Z"},"$schema":"https://schema.management.azure.com/providers/Microsoft.Logic/schemas/2016-06-01/workflowdefinition.json#","contentVersion":"1.0.0.0","parameters":{"$connections":{"defaultValue":{},"type":"Object"},"$authentication":{"defaultValue":{},"type":"SecureObject"}},"triggers":{"Run_every_day_at_07:00":{"recurrence":{"frequency":"Day","interval":1,"timeZone":"GMT Standard Time","startTime":"2021-04-30T09:00:00.000Z","schedule":{"hours":["7"]}},"metadata":{"operationMetadataId":"5fa0668c-243f-4e6b-a3ab-12f427132486"},"type":"Recurrence"}},"actions":{"Send_a_summary_email_of_changes":{"runAfter":{"Create_HTML_table":["Succeeded"]},"metadata":{"operationMetadataId":"9fa37662-26d6-4ad2-bf49-f62276c3819a"},"type":"OpenApiConnection","inputs":{"host":{"apiId":"/providers/Microsoft.PowerApps/apis/shared_office365","connectionName":"shared_office365","operationId":"SendEmailV2"},"parameters":{"emailMessage/To":"admin@M365x002361.OnMicrosoft.com","emailMessage/Subject":"@{variables('CountMessages')} new Message Center updates on @{formatDateTime(outputs('Update_LastRuntime_from_SP_list')?['body/LastRunTime'],'dd MMM yy')}","emailMessage/Body":"<html>\n<head>\n   <style>\ntable {\n    font-family: \"Times New Roman\", Times, serif;\n    border-collapse: collapse;\n    width: 100%;\n}\ntd,th{\n    border: 1px solid #ddd;\n    padding: 4px;\n}\nth{\n    padding-top: 8px;\n    padding-bottom: 8px;\n    text-align: ;left;\n    background-color: #3399ff;\n    color: white;\n}\n    </style>\n</head>\n<body>\n@{body('Create_HTML_table')}\n</body>\n</html>"},"authentication":"@parameters('$authentication')"}},"Initialize_LastRuntime_variable":{"runAfter":{},"metadata":{"operationMetadataId":"e6f5d70c-6e57-4f29-bdc0-ecfcfa3e6979"},"type":"InitializeVariable","inputs":{"variables":[{"name":"LastRuntime","type":"string"}]}},"Create_items_in_SP_List":{"foreach":"@outputs('Get_MC_messages')?['body/value']","actions":{"Is_this_a_new_Message_Center_Message":{"actions":{"Create_item":{"runAfter":{},"metadata":{"operationMetadataId":"b95e538d-2eae-4019-9cd8-dfd8eba813b8"},"type":"OpenApiConnection","inputs":{"host":{"apiId":"/providers/Microsoft.PowerApps/apis/shared_sharepointonline","connectionName":"shared_sharepointonline","operationId":"PostItem"},"parameters":{"dataset":"https://m365x002361.sharepoint.com/sites/MessageCentre","table":"30648fd4-8a30-44bb-ad81-850258450654","view":"a04db2cb-5a58-473d-9973-49b5e3e8c0a9","item/Title":"@items('Create_items_in_SP_List')?['title']","item/MCID":"@items('Create_items_in_SP_List')?['id']","item/Description":"@items('Create_items_in_SP_List')?['body']?['content']","item/Roadmapid":"@first(body('Filter_details_array_RoadmapIds'))?['value']","item/Status/Value":"Pending","item/Services":"@body('Convert_Services_array_to_a_multi_choice_format')","item/IsUpdated":false,"item/LastUpdateddate":"@items('Create_items_in_SP_List')?['lastModifiedDateTime']","item/Publisheddate":"@items('Create_items_in_SP_List')?['startDateTime']","item/Tags":"@body('Convert_message_Tags_array_to_a_multi_choice_format')","item/Actionrequiredbydate":"@items('Create_items_in_SP_List')?['actionRequiredByDateTime']","item/ActionType":"@items('Create_items_in_SP_List')?['severity']","item/Category":"@items('Create_items_in_SP_List')?['category']","item/Majorchange":"@items('Create_items_in_SP_List')?['isMajorChange']","item/Links":"@body('Filter_details_array_not_RoadmapIds')"},"authentication":"@parameters('$authentication')"}}},"runAfter":{"Get_items_Message_Center_list":["Succeeded"]},"else":{"actions":{"Apply_to_each_2":{"foreach":"@outputs('Get_items_Message_Center_list')?['body/value']","actions":{"Update_item":{"runAfter":{},"metadata":{"operationMetadataId":"ed22c1b8-f863-42e4-849f-569039fb57a7"},"type":"OpenApiConnection","inputs":{"host":{"apiId":"/providers/Microsoft.PowerApps/apis/shared_sharepointonline","connectionName":"shared_sharepointonline","operationId":"PatchItem"},"parameters":{"dataset":"https://m365x002361.sharepoint.com/sites/MessageCentre","table":"30648fd4-8a30-44bb-ad81-850258450654","id":"@items('Apply_to_each_2')?['ID']","item/Title":"@items('Create_items_in_SP_List')?['title']","item/MCID":"@items('Create_items_in_SP_List')?['id']","item/Description":"@items('Create_items_in_SP_List')?['body']?['content']","item/Roadmapid":"@first(body('Filter_details_array_RoadmapIds'))?['value']","item/Services":"@body('Convert_Services_array_to_a_multi_choice_format')","item/IsUpdated":true,"item/LastUpdateddate":"@items('Create_items_in_SP_List')?['lastModifiedDateTime']","item/Publisheddate":"@items('Create_items_in_SP_List')?['startDateTime']","item/Tags":"@body('Convert_message_Tags_array_to_a_multi_choice_format')","item/Actionrequiredbydate":"@items('Create_items_in_SP_List')?['actionRequiredByDateTime']","item/ActionType":"@items('Create_items_in_SP_List')?['severity']","item/Category":"@items('Create_items_in_SP_List')?['category']","item/Majorchange":"@items('Create_items_in_SP_List')?['isMajorChange']","item/Links":"@body('Filter_details_array_not_RoadmapIds')"},"authentication":"@parameters('$authentication')"}}},"runAfter":{},"metadata":{"operationMetadataId":"ab223244-3ab9-495a-995f-9fb8b384c1d6"},"type":"Foreach"}}},"expression":{"equals":[0,"@length(body('Get_items_Message_Center_list')?['value'])"]},"metadata":{"operationMetadataId":"dc3e5ffc-5eab-4b9b-8304-aa5df401f263"},"type":"If","description":"If the message center id is not in the list then the  number of items returned = O"},"Convert_message_Tags_array_to_a_multi_choice_format":{"runAfter":{"Compose_list_of_services":["Succeeded"]},"metadata":{"operationMetadataId":"ab38d9f2-b339-4ff3-bd25-6a60732b408b"},"type":"Select","inputs":{"from":"@items('Create_items_in_SP_List')?['tags']","select":{"Value":"@item()"}}},"Get_items_Message_Center_list":{"runAfter":{"Append_to_ListofChanges_variable":["Succeeded"]},"metadata":{"operationMetadataId":"f3c9e7f9-846a-4d78-baba-c6a8584d0639"},"type":"OpenApiConnection","inputs":{"host":{"apiId":"/providers/Microsoft.PowerApps/apis/shared_sharepointonline","connectionName":"shared_sharepointonline","operationId":"GetItems"},"parameters":{"dataset":"https://m365x002361.sharepoint.com/sites/MessageCentre","table":"30648fd4-8a30-44bb-ad81-850258450654","$filter":"MCID eq '@{items('Create_items_in_SP_List')?['id']}'"},"authentication":"@parameters('$authentication')"}},"Append_to_ListofChanges_variable":{"runAfter":{"Compose_MessageText_PlainTextMessage":["Succeeded"]},"metadata":{"operationMetadataId":"369a0f82-59b7-4c20-8eb1-0ba22e9cfb9e"},"type":"AppendToStringVariable","inputs":{"name":"ListofChanges","value":"- @{items('Create_items_in_SP_List')?['title']}  [@{items('Create_items_in_SP_List')?['id']}]\n\n"}},"Compose_list_of_Message_Tags":{"runAfter":{"Convert_message_Tags_array_to_a_multi_choice_format":["Succeeded"]},"metadata":{"operationMetadataId":"a0b710f3-a347-4f1f-8ee9-3564a096645c"},"type":"Compose","inputs":"@items('Create_items_in_SP_List')?['tags']"},"Compose_list_of_services":{"runAfter":{"Convert_Services_array_to_a_multi_choice_format":["Succeeded"]},"metadata":{"operationMetadataId":"6842dd8c-f9d8-49fa-aa63-9ed89650d065"},"type":"Compose","inputs":"@items('Create_items_in_SP_List')?['services']"},"Compose_MessageText_PlainTextMessage":{"runAfter":{"Convert_MessageText_Html_to_text":["Succeeded"]},"metadata":{"operationMetadataId":"c1b04f7e-ea27-4cef-ba38-e15e3f6adf55"},"type":"Compose","inputs":"@outputs('Convert_MessageText_Html_to_text')?['body']"},"Convert_Services_array_to_a_multi_choice_format":{"runAfter":{},"metadata":{"operationMetadataId":"48b99850-da99-4f4b-a13d-d4bca040d26c"},"type":"Select","inputs":{"from":"@items('Create_items_in_SP_List')?['services']","select":{"Value":"@item()"}}},"Convert_MessageText_Html_to_text":{"runAfter":{"Filter_details_array_not_RoadmapIds":["Succeeded"]},"metadata":{"operationMetadataId":"adf63588-a379-434d-aafe-9c4e1eafdd4e"},"type":"OpenApiConnection","inputs":{"host":{"apiId":"/providers/Microsoft.PowerApps/apis/shared_conversionservice","connectionName":"shared_conversionservice","operationId":"HtmlToText"},"parameters":{"Content":"<p>@{items('Create_items_in_SP_List')?['body']?['content']}</p>"},"authentication":"@parameters('$authentication')"}},"Filter_details_array_RoadmapIds":{"runAfter":{"Compose_list_of_Message_Tags":["Succeeded"]},"metadata":{"operationMetadataId":"f7e7e1c0-b991-4501-ab91-fac796d45e32"},"type":"Query","inputs":{"from":"@items('Create_items_in_SP_List')?['details']","where":"@equals(item()?['name'], 'RoadmapIds')"}},"Filter_details_array_not_RoadmapIds":{"runAfter":{"Filter_details_array_RoadmapIds":["Succeeded"]},"metadata":{"operationMetadataId":"09cd5fec-9544-4ed4-bbe7-92fd60b23fb5"},"type":"Query","inputs":{"from":"@items('Create_items_in_SP_List')?['details']","where":"@not(equals(item()?['name'], 'RoadmapIds'))"}}},"runAfter":{"Initialize_variable_ListofChanges":["Succeeded"]},"metadata":{"operationMetadataId":"5a69d477-e4a7-419d-8c82-a147403915a8"},"type":"Foreach"},"Create_HTML_table":{"runAfter":{"Initialize_CountMessages_variable":["Succeeded"]},"metadata":{"operationMetadataId":"8173fe58-44aa-46a9-80ea-5b3b67b7fe7b"},"type":"Table","inputs":{"from":"@outputs('Get_MC_messages')?['body/value']","format":"HTML","columns":[{"header":"MessageCentreID","value":"@item()?['id']"},{"header":"Title","value":"@item()?['title']"},{"header":"LastUpdatedDate","value":"@formatDateTime(item()?['LastModifiedDateTime'],'dd-MMMM-yyyy')"}]}},"Select_number_of_items_in_array":{"runAfter":{"Create_items_in_SP_List":["Succeeded"]},"metadata":{"operationMetadataId":"9e1458af-389e-4537-a4e6-ada64e5b1a12"},"type":"Select","inputs":{"from":"@outputs('Get_MC_messages')?['body/value']","select":{"ID":"@item()?['Id']"}}},"Initialize_CountMessages_variable":{"runAfter":{"Select_number_of_items_in_array":["Succeeded"]},"metadata":{"operationMetadataId":"a8429373-93dd-4a3b-9793-b93de25ec577"},"type":"InitializeVariable","inputs":{"variables":[{"name":"CountMessages","type":"integer","value":"@length(intersection(body('Select_number_of_items_in_array'),body('Select_number_of_items_in_array')))"}]}},"Initialize_variable_ListofChanges":{"runAfter":{"Get_MC_messages":["Succeeded"]},"metadata":{"operationMetadataId":"f6dec5f5-2090-4fcd-a089-d41e4ee4e228"},"type":"InitializeVariable","inputs":{"variables":[{"name":"ListofChanges","type":"string"}]}},"Post_adaptive_card_in_channel":{"runAfter":{"Send_a_summary_email_of_changes":["Succeeded"]},"metadata":{"operationMetadataId":"40dac64f-39ec-4e9a-b5df-1cd5f350d582"},"type":"OpenApiConnection","inputs":{"host":{"apiId":"/providers/Microsoft.PowerApps/apis/shared_teams","connectionName":"shared_teams","operationId":"PostCardToConversation"},"parameters":{"poster":"Flow bot","location":"Channel","body/recipient/groupId":"97cd213e-e945-4eac-90dc-f83b8ed6e91f","body/recipient/channelId":"19:0a23aa80fb5443708c4d96d39b8c8e20@thread.tacv2","body/messageBody":"{\n    \"type\": \"AdaptiveCard\",\n    \"body\": [\n        {\n            \"type\": \"TextBlock\",\n            \"size\": \"Medium\",\n            \"weight\": \"Bolder\",\n            \"text\": \" @{variables('CountMessages')} new Message Centre updates on @{formatDateTime(utcNow(),'dd MMM yy')}\"\n        },\n        {\n            \"type\": \"TextBlock\",\n            \"text\": \"@{variables('ListofChanges')}\",\n            \"wrap\": true\n        }\n    ],\n    \"actions\": [\n        {\n            \"type\": \"Action.OpenUrl\",\n            \"title\": \"Open List\",\n            \"url\": \"https://m365x002361.sharepoint.com/sites/MessageCentre/Lists/Equinor%20Message%20Center%20List/AllItems.aspx\"\n        }\n    ],\n    \"$schema\": \"http://adaptivecards.io/schemas/adaptive-card.json\",\n    \"version\": \"1.4\"\n}"},"authentication":"@parameters('$authentication')"}},"Get_MC_messages":{"runAfter":{"Update_LastRuntime_from_SP_list":["Succeeded"]},"metadata":{"operationMetadataId":"9dc5a82c-ac95-40f6-8094-2e986703f299"},"type":"OpenApiConnection","inputs":{"host":{"apiId":"/providers/Microsoft.PowerApps/apis/shared_graph-20api-20message-20center-5f469fcc3a0a0bf9-7cbb53001687bf42","connectionName":"shared_graph-20api-20message-20center-5f469fcc3a0a0bf9-7cbb53001687bf42","operationId":"GetMCMessages"},"parameters":{"$filter":"lastModifiedDateTime ge @{variables('LastRuntime')}"},"authentication":"@parameters('$authentication')"}},"Get_LastRuntime_from_SP_list":{"runAfter":{"Initialize_LastRuntime_variable":["Succeeded"]},"metadata":{"operationMetadataId":"929ca816-1568-4f69-9cef-fb98e358d175"},"type":"OpenApiConnection","inputs":{"host":{"apiId":"/providers/Microsoft.PowerApps/apis/shared_sharepointonline","connectionName":"shared_sharepointonline","operationId":"GetItem"},"parameters":{"dataset":"https://m365x002361.sharepoint.com/sites/MessageCentre","table":"00ba4c84-a5a3-4609-8b5a-f16b2c56c400","id":1},"authentication":"@parameters('$authentication')"}},"Set_LastRuntime_variable":{"runAfter":{"Get_LastRuntime_from_SP_list":["Succeeded"]},"metadata":{"operationMetadataId":"c8070012-21d7-428f-92b4-6057ff221bdc"},"type":"SetVariable","inputs":{"name":"LastRuntime","value":"@outputs('Get_LastRuntime_from_SP_list')?['body/LastRunTime']"}},"Update_LastRuntime_from_SP_list":{"runAfter":{"Set_LastRuntime_variable":["Succeeded"]},"metadata":{"operationMetadataId":"ee4c9970-7a94-44e3-902a-4b85a7ed6351"},"type":"OpenApiConnection","inputs":{"host":{"apiId":"/providers/Microsoft.PowerApps/apis/shared_sharepointonline","connectionName":"shared_sharepointonline","operationId":"PatchItem"},"parameters":{"dataset":"https://m365x002361.sharepoint.com/sites/MessageCentre","table":"00ba4c84-a5a3-4609-8b5a-f16b2c56c400","id":1,"item/LastRunTime":"@formatDateTime(utcNow(), 'yyyy-MM-ddThh:mm')"},"authentication":"@parameters('$authentication')"}}},"description":"Using Graph API \nDaily at 07:00 copy new and updated Message center changes since last run to a List. \nData is parsed to split into multiple columns.\nA new change will create a new List item.\nAn updated change will update the existing List item.\n\nA summary of the changes is sent to nominated user via email and as an adaptive card to the Team channel"},"connectionReferences":{"shared_office365":{"connectionName":"0155a05b348b491881340522bcb25d6b","source":"Embedded","id":"/providers/Microsoft.PowerApps/apis/shared_office365","tier":"NotSpecified"},"shared_sharepointonline":{"connectionName":"shared-sharepointonl-cf979465-1c14-4f53-ab7b-343edbf9b646","source":"Embedded","id":"/providers/Microsoft.PowerApps/apis/shared_sharepointonline","tier":"NotSpecified"},"shared_conversionservice":{"connectionName":"shared-conversionser-9ebb3f5f-2575-42bc-a9e8-35b6-8cc4434c","source":"Embedded","id":"/providers/Microsoft.PowerApps/apis/shared_conversionservice","tier":"NotSpecified"},"shared_teams":{"connectionName":"shared-teams-05ff729e-49b4-4a3a-85b6-4ee7-53ca4af7","source":"Embedded","id":"/providers/Microsoft.PowerApps/apis/shared_teams","tier":"NotSpecified"},"shared_graph-20api-20message-20center-5f469fcc3a0a0bf9-7cbb53001687bf42":{"connectionName":"bc8de214-6d60-4214-90de-b228-84af1dfe","source":"Embedded","id":"/providers/Microsoft.PowerApps/apis/shared_graph-20api-20message-20center-5f469fcc3a0a0bf9-7cbb53001687bf42","tier":"NotSpecified"}},"flowFailureAlertSubscribed":false}}